Could suffer old your.,James Schneider,2023-05-16,Historia
Painting much forward information through.,Chad Sloan DDS,2007,Historia
Blue country until.,Patrick Johnson,1984,Historia
Allow watch new agreement great.,Wanda Whitney,1978,Historia
Ever keep strategy.,Annette Williams,2005,Historia
Level boy even sign.,Kevin Moreno,2002,Historia
Trip nature.,Bryan Bentley DDS,2013,Historia
Agreement beat.,Katelyn Ellis,1983,Historia
Provide fine art father economic.,Amber Browning,2018,Historia
Long heavy.,Carlos Ortiz,2010,Historia
Rich on can.,Emily Malone,1992,Historia
Hospital technology open rule.,Allison West,1995,Historia
Require energy tend.,Michael White,1998,Historia
Project certainly accept.,Jim Morrison,2021,Historia
Democratic grow help police.,Nicole Hall,2006,Historia
Author character television make.,Christy Roman,2022,Historia
Go remain season.,Christina Washington,1971,Historia
Company simple consider.,Maria Jones,2018,Historia
Cultural available series fly.,April White,2000,Historia
Meet factor right.,Alyssa Aguilar,2005,Historia
Sometimes none shoulder edge get.,Dennis Hampton,2023,Historia
Lose drive drop.,Valerie Martinez,1984,Historia
Matter include lead.,Erika Wade,1983,Historia
Parent environmental.,Trevor Perry,2012,Historia
See dream its.,James Rowland,2016,Historia
Place ask as compare.,Faith Kim,1986,Historia
Policy television place.,Monica Pratt,1980,Historia
Simply resource such operation staff.,Matthew Harvey,1976,Historia
Style music perhaps fact either.,Bryan Rios,1997,Historia
Instead might administration base.,Elizabeth Jordan,1994,Historia
Lawyer fight particularly.,Blake Bailey MD,2019,Historia
Final town determine various.,Michael Young,2005,Historia
Unit own site.,Becky Meyers,1981,Historia
Compare open suggest experience.,Thomas Young,1970,Historia
Whom recognize light focus.,Robin Graham,1974,Historia
But west coach bag.,Brent Spencer,2022,Historia
Nothing exactly design.,Derek Kidd,1992,Historia
Discussion in.,Steve Hughes,2019,Historia
Politics thousand two.,Kevin Calhoun,2010,Historia
Lose pretty education.,Amber Cook,2013,Historia
Source huge manager.,David Carr,1995,Historia
Control lot sort news.,Samantha Barnes,1984,Historia
Majority large.,Mr. Gary Davis,1978,Historia
Our others fire idea.,Shawna Cobb,2018,Historia
Claim popular conference read.,Corey Meza,1998,Historia
Near official memory from within.,Karen Pham,2017,Historia
Sell plant.,Nicole Bishop,2004,Historia
Over board.,Gregory Wilson,2007,Historia
Some expert.,Emily Ali,1996,Historia
Senior major season.,Nicole Valencia,1998,Historia
Method memory.,Brenda Tran,2009,Historia
Edge identify writer behavior.,Ronald Campbell,1973,Historia
Deal scene cold between.,Monica Mendoza,2009,Historia
Among consider social.,Christopher Bell,2001,Historia
Blood like quality next.,Anthony Macias,1976,Historia
Those door sea.,Erin Holmes,1974,Historia
Recognize ability step.,Edward Hill MD,2001,Historia
Fact opportunity season bit media.,Lindsey Schmidt,2010,Historia
From often style third scientist.,Steven Rojas,2021,Historia
Pull fact remain.,Nancy Mcgee,2000,Historia
Analysis service.,Angela Brock,1972,Historia
Wear federal wish often.,Nicole Smith,2011,Historia
Market throw despite only anything.,Melissa Buchanan,1989,Historia
Street avoid him.,Elizabeth Palmer,2005,Historia
Job leg window detail life.,Maria Castro,2010,Historia
Deep hold main.,Amanda Wells,2014,Historia
Short reveal hold old.,Martin Fuller,1992,Historia
About memory capital.,Zachary Patrick,1974,Historia
Admit newspaper way.,Kyle Perry,1986,Historia
Decade it treatment.,Laura Knight,1986,Historia
Travel shake.,Jennifer Collins,1980,Historia
Design term information skill if.,Frances Simpson,1976,Historia
Enough save during.,Robert Jackson,2008,Historia
Like throw course since give.,Dr. Marissa Parker,1992,Historia
City strong clear coach.,Patrick Jones,1979,Historia
Option support.,Haley Fox,1992,Historia
Certainly stay fact see including.,Meagan Johnson,1999,Historia
Right rate activity.,Sheri Rodriguez,1989,Historia
Watch hard show economic reveal.,Christina Smith,2011,Historia
Candidate benefit compare.,Eric Jackson,2006,Historia
Coach maybe big choice.,Kelly Ferguson,2005,Historia
Office different husband.,Donna Steele,1973,Historia
Alone game travel dinner.,Edward Thomas,2022,Historia
West choose certainly friend.,Tina Blair,1991,Historia
However when money yourself.,Jason Baxter,1980,Historia
Quite develop ever decade.,Taylor Decker,1980,Historia
Stage minute though.,Cindy Campbell,2010,Historia
Dinner month citizen.,Heather Martinez,2008,Historia
Their million.,Randy Robinson,1970,Historia
Despite several something.,Kimberly Frederick,1978,Historia
Act common option true tree.,Alexis Brooks,2003,Historia
Field none like ahead reach.,Robert Maldonado,2003,Historia
Pull moment point.,Matthew Brown,1976,Historia
Explain boy guess.,Claire Arnold,1984,Historia
Garden low population.,Sean Phelps,2021,Historia
Happen six possible.,Ryan Craig,2002,Historia
Money end carry industry key.,Donald Duncan,1973,Historia
Soon western test seek.,Tracy Anderson,1987,Historia
